month,site_xn_route,loc_leg,direction,y2018,y2019,y2020,ratio,loc_desc
1,6411,59437,N,NA,27894,24136,0.8652756865275687,(BIKE PATH) ST. GEORGES RD N BD 28M S OF SUMNER AV
1,6411,59438,S,NA,28202,24931,0.8840153180625487,(BIKE PATH) ST. GEORGES RD S BD 28M S OF SUMNER AV
1,6415,59485,E,NA,26197,22998,0.877886780929114,(BIKE PATH) NORTH BANK E BD 75M W OF MORELL BRIDGE ADJACENT TO PUNT RD OVERPASS
1,6415,59486,W,NA,31368,26731,0.8521741902575873,(BIKE PATH) NORTH BANK W BD 75M W OF MORELL BRIDGE ADJACENT TO PUNT RD OVERPASS
1,6419,59458,N,NA,13595,12726,0.9360794409709452,(BIKEPATH) MERRI CREEK TRAIL N BD S OF MORELAND RD
1,6419,59459,S,NA,11966,9949,0.8314390773859268,"(BIKEPATH) MERRI CREEK TRAIL, S BD S OF MORELAND RD"
1,6423,59460,N,NA,1250,897,0.7176,(BIKEPATH) FEDERATION TRAIL NW BD 170M SE OF PRINCESS HWY BTW CYPRESS AV & CONIFER AV
1,6423,59461,S,NA,1650,1224,0.7418181818181818,(BIKEPATH) FEDERATION TRAIL SE BD 170M SE OF PRINCESS HWY BTW CYPRESS AV & CONIFER AV
1,6592,59452,N,NA,44385,36323,0.8183620592542525,(BIKE PATH) CAPITAL CITY TRAIL NW BD FOOTSCRAY RD SE OF EXIT RAMP FROM CITY LINK
1,6592,59453,S,NA,43985,35872,0.8155507559395249,(BIKE PATH) CAPITAL CITY TRAIL SE BD FOOTSCRAY RD SE OF EXIT RAMP FROM CITY LINK
1,6596,59454,N,NA,35479,27650,0.7793342540657854,(BIKE PATH) BAY TRAIL N BD 100M N BLESSINGTON ST OPP NO 20 MARINE PDE
1,6596,59455,S,NA,33005,26556,0.8046053628238146,(BIKE PATH) BAY TRAIL S BD 100M N BLESSINGTON ST OPP NO 20 MARINE PDE
1,6600,59464,E,NA,4183,3752,0.8969639015060961,"(BIKE PATH) SCOTCHMANS CREEK TRAIL E BD, 52M E OF 61 SMYTH ST"
1,6600,59465,W,NA,4105,3801,0.9259439707673569,"(BIKE PATH) SCOTCHMANS CREEK TRAIL W BD, 52M E OF 61 SMYTH ST"
1,7584,59445,N,NA,11553,10313,0.8926685709339566,(BIKE PATH) KOONUNG TRAIL NW BD 44M NE OF CLIFTON ST
1,7584,59468,S,NA,10992,9668,0.8795487627365357,(BIKE PATH) KOONUNG TRAIL SE BD 44M NE OF CLIFTON ST
1,7588,59450,E,NA,24270,21104,0.8695508858673259,(BIKE PATH) CAPITAL CITY TRAIL E BD 25M W OF BOWEN CRES
1,7588,59451,W,NA,28659,23995,0.8372588017725671,(BIKE PATH) CAPITAL CITY TRAIL W BD 25M W OF BOWEN CRES
1,7592,59483,N,NA,1777,1602,0.9015194147439505,(BIKE PATH) ANN TRAIL NO:2 NW BD 300M EAST OF PRINCESS ST
1,7592,59484,S,NA,2214,1859,0.8396567299006323,(BIKE PATH) ANN TRAIL NO:2 SE BD 300M EAST OF PRINCESS ST
1,7596,59489,E,NA,17305,15457,0.8932100548974284,(BIKEPATH) MORELAND ST PATH NE BD 50 M N OF PARKER ST
1,7596,59490,W,NA,11120,9478,0.8523381294964029,(BIKEPATH) MORELAND ST PATH SW BD 50 M N OF PARKER ST
1,7600,59471,N,NA,6645,8579,1.29104589917231,(BIKEPATH) NAPIER ST PATH N BD 50M N OF GREEVES ST
1,7600,59472,S,NA,12306,14527,1.1804810661465952,(BIKEPATH) NAPIER ST PATH S BD 50M N OF GREEVES ST
1,7604,59466,N,NA,8465,11090,1.310100413467218,(BIKEPATH) MAIN YARRA TRAIL NW BD NEAR THE CHANDLER HWY BRIDGE
1,7604,59467,S,NA,11332,12737,1.1239851747264384,(BIKEPATH) MAIN YARRA TRAIL SE BD NEAR THE CHANDLER HWY BRIDGE
1,8172,59487,N,NA,16155,5722,0.3541937480656144,(BIKE PATH) MAIN YARRA TRAIL NO:1 NW BD ALONG YARRA BVD 66M W OF OF C'LINK OPASS
1,8172,59488,S,NA,14814,4860,0.32806804374240583,(BIKE PATH) MAIN YARRA TRAIL NO:1 SE BD ALONG YARRA BVD 66M W OF OF C'LINK OPASS
1,8176,59446,E,NA,28101,28279,1.006334294153233,(BIKE PATH) SOUTH BANK E BD UNDER PUNT RD BRIDGE
1,8176,59447,W,NA,25089,25179,1.0035872294631114,(BIKE PATH) SOUTH BANK W BD UNDER PUNT RD BRIDGE
1,8180,59448,N,NA,15424,13363,0.8663770746887967,(BIKE PATH) UPFIELD RAILWAY LIN N BD 10M S OF PARK ST
1,8180,59449,S,NA,17799,16449,0.9241530423057475,(BIKE PATH) UPFIELD RAILWAY LIN S BD 10M S OF PARK ST
1,8184,59469,N,NA,40627,14655,0.36072070298077635,(BIKE PATH) GARDINERS CREEK TRAIL NW BD 66M W OF CITYLINK OVERPASS
1,8184,59470,S,NA,39108,13395,0.34251304081006445,(BIKE PATH) GARDINERS CREEK TRAIL SE BD 66M W OF CITYLINK OVERPASS
1,8188,59462,N,NA,9894,9131,0.9228825550838893,"(BIKE PATH) ST. GEORGES RD NO.2 N BD, N OF BELL ST"
1,8188,59463,S,NA,9909,9308,0.9393480674134626,"(BIKE PATH) ST. GEORGES RD NO.2 S BD, N OF BELL ST"
1,8192,59456,N,NA,19627,16990,0.8656442655525551,(BIKE PATH) GARDINERS CREEK TRAIL NO.2 N BD ADJ ESTELLA ST
1,8192,59457,S,NA,20115,17102,0.850211285110614,(BIKE PATH) GARDINERS CREEK TRAIL NO.2 S BD ADJ ESTELLA ST
1,8196,59473,N,NA,2021,1992,0.9856506679861454,(BIKE PATH) PHILLIP ISLAND RD PATH NW BD BTW BUNVEGAN CR & GLEN ST
1,8196,59474,S,NA,1792,1868,1.0424107142857142,(BIKE PATH) PHILLIP ISLAND RD PATH SE BD BTW BUNVEGAN CR & GLEN ST
1,9077,23042,E,NA,15400,6918,0.44922077922077924,(BIKE LANE) ALBERT ST EB 50M E OF MORRISON PL
1,9077,40292,W,NA,17428,7480,0.4291943998163874,(BIKE LANE) ALBERT ST WB 50M W OF LANSDOWN ST
1,9079,59477,E,NA,3004,3067,1.0209720372836217,(BIKE PATH) DAREBIN CREEK PATH E BD NEAR HEIDELBERG ROAD NEAR WILLOW BANK GROVE
1,9079,59478,W,NA,3589,3522,0.9813318473112288,(BIKE PATH) DAREBIN CREEK PATH W BD NEAR HEIDELBERG ROAD NEAR WILLOW BANK GROVE
1,9999,20272,N,NA,14,24,1.7142857142857142,(BIKE LANE) ST. KILDA RD N BD 25M N OF CONVENTRY ST
1,9999,32153,S,NA,41342,33844,0.8186348023801461,(BIKE LANE) ST. KILDA RD S BD 30M S OF ANZAC AVE
1,10223,59443,N,NA,6012,5687,0.9459414504324684,(BIKE PATH) ANN TRAIL NO:1 NW BD 104M SOUTH OF WHITEHORSE RD
1,10223,59444,S,NA,5791,5469,0.9443964772923502,(BIKE PATH) ANN TRAIL NO:1 SE BD 104M SOUTH OF WHITEHORSE RD
1,10225,20082,N,NA,10173,8530,0.8384940528850879,(BIKE LANE) FLEMINGTON RD NW BD 10M SE OF DRYBURGH ST
1,10225,29929,S,NA,11715,10053,0.8581306017925736,(BIKE LANE) FLEMINGTON RD SE BD 25M NW OF ABBOTSFORD ST
1,10484,59481,N,NA,20281,18357,0.9051328829939352,(BIKE PATH) TRAM 109 TRAIL NE BD 10M NE OF ACCESS PATH CNR WOODGATE & BOUNDARY STS
1,10484,59482,S,NA,18199,16537,0.9086763008956537,(BIKE PATH) TRAM 109 TRAIL SW BD 10M NE OF ACCESS PATH CNR WOODGATE & BOUNDARY STS
1,10486,31906,N,NA,27716,25461,0.9186390532544378,(BIKE LANE) ROYAL PDE N BD 10M N OF GATEHOUSE ST
1,10486,42173,S,NA,29499,27,9.152852639072511e-4,(BIKE LANE) ROYAL PDE S BD 20M S OF GATEHOUSE ST
1,10488,24027,N,NA,9796,8696,0.8877092690894243,(BIKE LANE) BRIGHTON RD N BD 50M S OF MOZART ST
1,10488,28656,S,NA,9757,8336,0.854360971610126,(BIKE LANE) BRIGHTON RD S BD 50M N OF DICKENS ST
1,31602,59475,N,NA,2798,2940,1.0507505360972123,(BIKE PATH) ANN TRAIL NO:3 N BD N OF SUTHERLAND AVE
1,31602,59476,S,NA,2423,2614,1.0788278992983904,(BIKE PATH) ANN TRAIL NO:3 S BD N OF SUTHERLAND AVE
1,31747,59708,E,NA,760,814,1.0710526315789475,(BIKE PATH) BOX HILL\RINGWOOD TRAIL NE BD 20M NORTH OF ALBERT ST
1,31747,59709,W,NA,662,665,1.0045317220543806,(BIKE PATH) BOX HILL\RINGWOOD TRAIL SW BD 20M NORTH OF ALBERT ST
1,32021,60182,S,NA,77341,70643,0.9133965167246351,(BIKE LANE) BLACK ROCK BEACH ROAD S BD NEAR BLUFF ROAD
1,32493,60963,N,NA,12328,11865,0.9624432186891628,(BIKE LANE) WELLINGTON ST (NORTH BOUND) BTW DERBY ST AND GLASGOW ST
1,32493,61168,S,NA,15246,105,0.006887052341597796,(BIKE LANE) WELLINGTON ST (SOUTH BOUND) BTW GLASGOW ST AND NORTHUMBERLAND ST
1,32612,61171,N,NA,9402,8785,0.9343756647521804,(BIKE PATH) BAY TRAIL NO:3 SANDRINGHAM N BD BEACH RD & MILDURA AVE
1,32612,61172,S,NA,10299,9234,0.89659190212642,(BIKE PATH) BAY TRAIL NO:3 SANDRINGHAM S BD BEACH RD & MILDURA AVE
1,32614,61173,N,NA,15493,13265,0.8561931194733106,(BIKE PATH) BAY TRAIL NO:2 MIDDLE BRIGHTON N BD 36M NORTH OF KEITH CRT & ESPLANADE
1,32614,61174,S,NA,16775,14099,0.8404769001490313,(BIKE PATH) BAY TRAIL NO:2 MIDDLE BRIGHTON S BD 36M NORTH OF KEITH CRT & ESPLANADE
1,32615,61177,N,NA,22024,18365,0.8338630584816564,(BIKE PATH) BAY TRAIL NO:1 BRIGHTON N BD OPP PATH TO SEACOMBE GROVE
1,32615,61178,S,NA,22062,18711,0.8481098721784063,(BIKE PATH) BAY TRAIL NO:1 BRIGHTON S BD OPP PATH TO SEACOMBE GROVE
1,32616,61175,N,NA,3685,3664,0.9943012211668928,(BIKE PATH) BAY TRAIL NO:4 NE BD BEAUMARIS OPPOSITE 466 BEACH ROAD
1,32616,61176,S,NA,4210,3613,0.8581947743467934,(BIKE PATH) BAY TRAIL NO:4 SW BD BEAUMARIS OPPOSITE 466 BEACH ROAD
1,33179,62154,S,NA,29615,24375,0.8230626371771061,NA
1,33179,62155,N,NA,32440,25795,0.7951602959309494,NA
1,34215,63748,N,NA,10125,8341,0.8238024691358025,NA
1,34215,63749,S,NA,10854,9038,0.8326884098028376,NA
1,34216,63750,N,NA,3097,3300,1.0655473038424281,NA
1,34216,63751,S,NA,3130,3007,0.9607028753993611,NA
1,34217,63752,E,NA,1631,1524,0.9343960760269773,NA
1,34217,63753,W,NA,1799,1726,0.9594219010561423,NA
1,34271,63846,N,NA,NA,50,NA,NA
1,34271,63846,S,NA,NA,5873,NA,NA
1,34314,63932,N,NA,NA,23438,NA,NA
1,34314,63933,S,NA,NA,4803,NA,NA
1,34315,63934,E,NA,7705,7522,0.9762491888384166,NA
1,34315,63935,W,NA,6514,6722,1.0319312250537305,NA
1,34556,64397,E,NA,392,1688,4.3061224489795915,NA
1,34556,64398,W,NA,447,1868,4.178970917225951,NA
2,6411,59437,N,NA,32347,31931,0.9871394565183789,(BIKE PATH) ST. GEORGES RD N BD 28M S OF SUMNER AV
2,6411,59438,S,NA,32904,31910,0.9697909068806224,(BIKE PATH) ST. GEORGES RD S BD 28M S OF SUMNER AV
2,6415,59485,E,NA,27862,27160,0.9748043930801809,(BIKE PATH) NORTH BANK E BD 75M W OF MORELL BRIDGE ADJACENT TO PUNT RD OVERPASS
2,6415,59486,W,NA,30769,29880,0.9711072833046248,(BIKE PATH) NORTH BANK W BD 75M W OF MORELL BRIDGE ADJACENT TO PUNT RD OVERPASS
2,6419,59458,N,NA,13696,15709,1.1469772196261683,(BIKEPATH) MERRI CREEK TRAIL N BD S OF MORELAND RD
2,6419,59459,S,NA,13199,13392,1.0146223198727176,"(BIKEPATH) MERRI CREEK TRAIL, S BD S OF MORELAND RD"
2,6423,59460,N,NA,1187,1008,0.8491996630160067,(BIKEPATH) FEDERATION TRAIL NW BD 170M SE OF PRINCESS HWY BTW CYPRESS AV & CONIFER AV
2,6423,59461,S,NA,1521,1398,0.9191321499013807,(BIKEPATH) FEDERATION TRAIL SE BD 170M SE OF PRINCESS HWY BTW CYPRESS AV & CONIFER AV
2,6592,59452,N,NA,46487,43249,0.9303461182696238,(BIKE PATH) CAPITAL CITY TRAIL NW BD FOOTSCRAY RD SE OF EXIT RAMP FROM CITY LINK
2,6592,59453,S,NA,46051,42440,0.9215869362228833,(BIKE PATH) CAPITAL CITY TRAIL SE BD FOOTSCRAY RD SE OF EXIT RAMP FROM CITY LINK
2,6596,59454,N,NA,30183,25798,0.8547195441142365,(BIKE PATH) BAY TRAIL N BD 100M N BLESSINGTON ST OPP NO 20 MARINE PDE
2,6596,59455,S,NA,27964,24799,0.886818766986125,(BIKE PATH) BAY TRAIL S BD 100M N BLESSINGTON ST OPP NO 20 MARINE PDE
2,6600,59464,E,NA,3965,4138,1.0436317780580076,"(BIKE PATH) SCOTCHMANS CREEK TRAIL E BD, 52M E OF 61 SMYTH ST"
2,6600,59465,W,NA,3854,4078,1.0581214322781525,"(BIKE PATH) SCOTCHMANS CREEK TRAIL W BD, 52M E OF 61 SMYTH ST"
2,7584,59445,N,NA,10178,9965,0.9790725093338574,(BIKE PATH) KOONUNG TRAIL NW BD 44M NE OF CLIFTON ST
2,7584,59468,S,NA,9679,9467,0.9780969108378965,(BIKE PATH) KOONUNG TRAIL SE BD 44M NE OF CLIFTON ST
2,7588,59450,E,NA,27686,26229,0.9473741241060464,(BIKE PATH) CAPITAL CITY TRAIL E BD 25M W OF BOWEN CRES
2,7588,59451,W,NA,31623,30138,0.9530405084906556,(BIKE PATH) CAPITAL CITY TRAIL W BD 25M W OF BOWEN CRES
2,7592,59483,N,NA,1657,1647,0.9939649969824985,(BIKE PATH) ANN TRAIL NO:2 NW BD 300M EAST OF PRINCESS ST
2,7592,59484,S,NA,1909,2154,1.1283394447354635,(BIKE PATH) ANN TRAIL NO:2 SE BD 300M EAST OF PRINCESS ST
2,7596,59489,E,NA,18249,18182,0.9963285659488191,(BIKEPATH) MORELAND ST PATH NE BD 50 M N OF PARKER ST
2,7596,59490,W,NA,11474,11520,1.0040090639707164,(BIKEPATH) MORELAND ST PATH SW BD 50 M N OF PARKER ST
2,7600,59471,N,NA,12072,11264,0.9330682571239232,(BIKEPATH) NAPIER ST PATH N BD 50M N OF GREEVES ST
2,7600,59472,S,NA,14130,18099,1.280891719745223,(BIKEPATH) NAPIER ST PATH S BD 50M N OF GREEVES ST
2,7604,59466,N,NA,8269,11871,1.4356028540331358,(BIKEPATH) MAIN YARRA TRAIL NW BD NEAR THE CHANDLER HWY BRIDGE
2,7604,59467,S,NA,11313,13065,1.1548660832670379,(BIKEPATH) MAIN YARRA TRAIL SE BD NEAR THE CHANDLER HWY BRIDGE
2,8172,59487,N,NA,14787,15084,1.0200852099817408,(BIKE PATH) MAIN YARRA TRAIL NO:1 NW BD ALONG YARRA BVD 66M W OF OF C'LINK OPASS
2,8172,59488,S,NA,13398,13583,1.0138080310494104,(BIKE PATH) MAIN YARRA TRAIL NO:1 SE BD ALONG YARRA BVD 66M W OF OF C'LINK OPASS
2,8176,59446,E,NA,30145,31870,1.0572234201360093,(BIKE PATH) SOUTH BANK E BD UNDER PUNT RD BRIDGE
2,8176,59447,W,NA,27713,29181,1.0529715296070437,(BIKE PATH) SOUTH BANK W BD UNDER PUNT RD BRIDGE
2,8180,59448,N,NA,17557,16401,0.9341573161701885,(BIKE PATH) UPFIELD RAILWAY LIN N BD 10M S OF PARK ST
2,8180,59449,S,NA,20893,18960,0.9074809744890633,(BIKE PATH) UPFIELD RAILWAY LIN S BD 10M S OF PARK ST
2,8184,59469,N,NA,41681,41391,0.9930423934166647,(BIKE PATH) GARDINERS CREEK TRAIL NW BD 66M W OF CITYLINK OVERPASS
2,8184,59470,S,NA,40934,40467,0.9885913910196902,(BIKE PATH) GARDINERS CREEK TRAIL SE BD 66M W OF CITYLINK OVERPASS
2,8188,59462,N,NA,11647,11581,0.9943333047136602,"(BIKE PATH) ST. GEORGES RD NO.2 N BD, N OF BELL ST"
2,8188,59463,S,NA,11745,11425,0.9727543635589613,"(BIKE PATH) ST. GEORGES RD NO.2 S BD, N OF BELL ST"
2,8192,59456,N,NA,18010,17857,0.9915047196002221,(BIKE PATH) GARDINERS CREEK TRAIL NO.2 N BD ADJ ESTELLA ST
2,8192,59457,S,NA,18740,18086,0.9651013874066169,(BIKE PATH) GARDINERS CREEK TRAIL NO.2 S BD ADJ ESTELLA ST
2,8196,59473,N,NA,885,1037,1.1717514124293786,(BIKE PATH) PHILLIP ISLAND RD PATH NW BD BTW BUNVEGAN CR & GLEN ST
2,8196,59474,S,NA,775,974,1.2567741935483872,(BIKE PATH) PHILLIP ISLAND RD PATH SE BD BTW BUNVEGAN CR & GLEN ST
2,9077,23042,E,NA,17312,14327,0.8275762476894639,(BIKE LANE) ALBERT ST EB 50M E OF MORRISON PL
2,9077,40292,W,NA,19443,16409,0.8439541223062285,(BIKE LANE) ALBERT ST WB 50M W OF LANSDOWN ST
2,9079,59477,E,NA,3042,3272,1.0756081525312295,(BIKE PATH) DAREBIN CREEK PATH E BD NEAR HEIDELBERG ROAD NEAR WILLOW BANK GROVE
2,9079,59478,W,NA,3834,3910,1.0198226395409493,(BIKE PATH) DAREBIN CREEK PATH W BD NEAR HEIDELBERG ROAD NEAR WILLOW BANK GROVE
2,9999,20272,N,NA,16,13,0.8125,(BIKE LANE) ST. KILDA RD N BD 25M N OF CONVENTRY ST
2,9999,32153,S,NA,43845,39861,0.9091344509066028,(BIKE LANE) ST. KILDA RD S BD 30M S OF ANZAC AVE
2,10223,59443,N,NA,5720,5943,1.038986013986014,(BIKE PATH) ANN TRAIL NO:1 NW BD 104M SOUTH OF WHITEHORSE RD
2,10223,59444,S,NA,5469,5805,1.061437191442677,(BIKE PATH) ANN TRAIL NO:1 SE BD 104M SOUTH OF WHITEHORSE RD
2,10225,20082,N,NA,11336,10524,0.9283697953422724,(BIKE LANE) FLEMINGTON RD NW BD 10M SE OF DRYBURGH ST
2,10225,29929,S,NA,13084,12104,0.925099357994497,(BIKE LANE) FLEMINGTON RD SE BD 25M NW OF ABBOTSFORD ST
2,10484,59481,N,NA,20007,20181,1.0086969560653771,(BIKE PATH) TRAM 109 TRAIL NE BD 10M NE OF ACCESS PATH CNR WOODGATE & BOUNDARY STS
2,10484,59482,S,NA,18254,18210,0.9975895694094445,(BIKE PATH) TRAM 109 TRAIL SW BD 10M NE OF ACCESS PATH CNR WOODGATE & BOUNDARY STS
2,10486,31906,N,NA,33127,33216,1.002686630241193,(BIKE LANE) ROYAL PDE N BD 10M N OF GATEHOUSE ST
2,10486,42173,S,NA,27676,30,0.0010839716722069663,(BIKE LANE) ROYAL PDE S BD 20M S OF GATEHOUSE ST
2,10488,24027,N,NA,10277,9798,0.95339106743213,(BIKE LANE) BRIGHTON RD N BD 50M S OF MOZART ST
2,10488,28656,S,NA,10495,9737,0.9277751310147689,(BIKE LANE) BRIGHTON RD S BD 50M N OF DICKENS ST
2,31602,59475,N,NA,2629,3044,1.1578546976036517,(BIKE PATH) ANN TRAIL NO:3 N BD N OF SUTHERLAND AVE
2,31602,59476,S,NA,2362,2631,1.1138865368331923,(BIKE PATH) ANN TRAIL NO:3 S BD N OF SUTHERLAND AVE
2,31747,59708,E,NA,748,735,0.982620320855615,(BIKE PATH) BOX HILL\RINGWOOD TRAIL NE BD 20M NORTH OF ALBERT ST
2,31747,59709,W,NA,591,623,1.0541455160744502,(BIKE PATH) BOX HILL\RINGWOOD TRAIL SW BD 20M NORTH OF ALBERT ST
2,32021,60182,S,NA,76522,76781,1.0033846475523378,(BIKE LANE) BLACK ROCK BEACH ROAD S BD NEAR BLUFF ROAD
2,32493,60963,N,NA,14231,14730,1.0350642962546552,(BIKE LANE) WELLINGTON ST (NORTH BOUND) BTW DERBY ST AND GLASGOW ST
2,32493,61168,S,NA,18250,96,0.00526027397260274,(BIKE LANE) WELLINGTON ST (SOUTH BOUND) BTW GLASGOW ST AND NORTHUMBERLAND ST
2,32612,61171,N,NA,7642,8604,1.1258832766291547,(BIKE PATH) BAY TRAIL NO:3 SANDRINGHAM N BD BEACH RD & MILDURA AVE
2,32612,61172,S,NA,8163,8772,1.0746049246600515,(BIKE PATH) BAY TRAIL NO:3 SANDRINGHAM S BD BEACH RD & MILDURA AVE
2,32614,61173,N,NA,12430,12593,1.013113435237329,(BIKE PATH) BAY TRAIL NO:2 MIDDLE BRIGHTON N BD 36M NORTH OF KEITH CRT & ESPLANADE
2,32614,61174,S,NA,13806,12996,0.9413298565840938,(BIKE PATH) BAY TRAIL NO:2 MIDDLE BRIGHTON S BD 36M NORTH OF KEITH CRT & ESPLANADE
2,32615,61177,N,NA,17992,17051,0.9476989773232548,(BIKE PATH) BAY TRAIL NO:1 BRIGHTON N BD OPP PATH TO SEACOMBE GROVE
2,32615,61178,S,NA,17694,16939,0.957330168418673,(BIKE PATH) BAY TRAIL NO:1 BRIGHTON S BD OPP PATH TO SEACOMBE GROVE
2,32616,61175,N,NA,2847,2989,1.0498770635756938,(BIKE PATH) BAY TRAIL NO:4 NE BD BEAUMARIS OPPOSITE 466 BEACH ROAD
2,32616,61176,S,NA,3169,3089,0.9747554433575261,(BIKE PATH) BAY TRAIL NO:4 SW BD BEAUMARIS OPPOSITE 466 BEACH ROAD
2,33179,62154,S,NA,30804,29372,0.9535125308401506,NA
2,33179,62155,N,NA,32783,31079,0.9480218405881097,NA
2,34215,63748,N,NA,12003,11054,0.9209364325585271,NA
2,34215,63749,S,NA,12550,11555,0.9207171314741036,NA
2,34216,63750,N,NA,4560,4650,1.019736842105263,NA
2,34216,63751,S,NA,4489,4463,0.9942080641568278,NA
2,34217,63752,E,NA,1785,1772,0.9927170868347339,NA
2,34217,63753,W,NA,1871,2030,1.0849812934259755,NA
2,34271,63846,N,NA,85,61,0.7176470588235294,NA
2,34271,63846,S,NA,7187,6734,0.9369695283150132,NA
2,34314,63932,N,NA,31981,26548,0.8301178824927301,NA
2,34314,63933,S,NA,38426,2632,0.06849528964763442,NA
2,34315,63934,E,NA,8041,7916,0.9844546698171869,NA
2,34315,63935,W,NA,6818,7121,1.0444411850982693,NA
2,34556,64397,E,NA,1616,1636,1.0123762376237624,NA
2,34556,64398,W,NA,1907,1843,0.9664394336654432,NA
3,6411,59437,N,NA,34032,29291,0.8606899388810532,(BIKE PATH) ST. GEORGES RD N BD 28M S OF SUMNER AV
3,6411,59438,S,NA,34511,29308,0.8492364753267074,(BIKE PATH) ST. GEORGES RD S BD 28M S OF SUMNER AV
3,6415,59485,E,NA,27705,23874,0.8617217108825121,(BIKE PATH) NORTH BANK E BD 75M W OF MORELL BRIDGE ADJACENT TO PUNT RD OVERPASS
3,6415,59486,W,NA,31488,26762,0.8499110772357723,(BIKE PATH) NORTH BANK W BD 75M W OF MORELL BRIDGE ADJACENT TO PUNT RD OVERPASS
3,6419,59458,N,NA,12922,20091,1.5547902801423927,(BIKEPATH) MERRI CREEK TRAIL N BD S OF MORELAND RD
3,6419,59459,S,NA,12168,14741,1.211456278763971,"(BIKEPATH) MERRI CREEK TRAIL, S BD S OF MORELAND RD"
3,6423,59460,N,NA,1263,1247,0.9873317498020586,(BIKEPATH) FEDERATION TRAIL NW BD 170M SE OF PRINCESS HWY BTW CYPRESS AV & CONIFER AV
3,6423,59461,S,NA,1524,1686,1.1062992125984252,(BIKEPATH) FEDERATION TRAIL SE BD 170M SE OF PRINCESS HWY BTW CYPRESS AV & CONIFER AV
3,6592,59452,N,NA,45108,37139,0.8233351068546599,(BIKE PATH) CAPITAL CITY TRAIL NW BD FOOTSCRAY RD SE OF EXIT RAMP FROM CITY LINK
3,6592,59453,S,NA,45004,36385,0.8084836903386365,(BIKE PATH) CAPITAL CITY TRAIL SE BD FOOTSCRAY RD SE OF EXIT RAMP FROM CITY LINK
3,6596,59454,N,NA,27912,30138,1.079750644883921,(BIKE PATH) BAY TRAIL N BD 100M N BLESSINGTON ST OPP NO 20 MARINE PDE
3,6596,59455,S,NA,26767,29362,1.0969477341502596,(BIKE PATH) BAY TRAIL S BD 100M N BLESSINGTON ST OPP NO 20 MARINE PDE
3,6600,59464,E,NA,4100,5506,1.3429268292682928,"(BIKE PATH) SCOTCHMANS CREEK TRAIL E BD, 52M E OF 61 SMYTH ST"
3,6600,59465,W,NA,4081,5355,1.3121783876500857,"(BIKE PATH) SCOTCHMANS CREEK TRAIL W BD, 52M E OF 61 SMYTH ST"
3,7584,59445,N,NA,10124,13968,1.3796918214144607,(BIKE PATH) KOONUNG TRAIL NW BD 44M NE OF CLIFTON ST
3,7584,59468,S,NA,9489,13072,1.3775951101275161,(BIKE PATH) KOONUNG TRAIL SE BD 44M NE OF CLIFTON ST
3,7588,59450,E,NA,28077,24867,0.8856715461053531,(BIKE PATH) CAPITAL CITY TRAIL E BD 25M W OF BOWEN CRES
3,7588,59451,W,NA,32483,29424,0.9058276637010129,(BIKE PATH) CAPITAL CITY TRAIL W BD 25M W OF BOWEN CRES
3,7592,59483,N,NA,1788,2282,1.2762863534675615,(BIKE PATH) ANN TRAIL NO:2 NW BD 300M EAST OF PRINCESS ST
3,7592,59484,S,NA,2099,2519,1.2000952834683183,(BIKE PATH) ANN TRAIL NO:2 SE BD 300M EAST OF PRINCESS ST
3,7596,59489,E,NA,18223,16223,0.890248586950557,(BIKEPATH) MORELAND ST PATH NE BD 50 M N OF PARKER ST
3,7596,59490,W,NA,11183,10199,0.9120092998300993,(BIKEPATH) MORELAND ST PATH SW BD 50 M N OF PARKER ST
3,7600,59471,N,NA,13778,9901,0.7186093772681086,(BIKEPATH) NAPIER ST PATH N BD 50M N OF GREEVES ST
3,7600,59472,S,NA,15662,14341,0.9156557272379007,(BIKEPATH) NAPIER ST PATH S BD 50M N OF GREEVES ST
3,7604,59466,N,NA,7944,14175,1.7843655589123868,(BIKEPATH) MAIN YARRA TRAIL NW BD NEAR THE CHANDLER HWY BRIDGE
3,7604,59467,S,NA,11266,15883,1.4098171489437246,(BIKEPATH) MAIN YARRA TRAIL SE BD NEAR THE CHANDLER HWY BRIDGE
3,8172,59487,N,NA,14635,16942,1.1576358045780664,(BIKE PATH) MAIN YARRA TRAIL NO:1 NW BD ALONG YARRA BVD 66M W OF OF C'LINK OPASS
3,8172,59488,S,NA,13488,15366,1.1392348754448398,(BIKE PATH) MAIN YARRA TRAIL NO:1 SE BD ALONG YARRA BVD 66M W OF OF C'LINK OPASS
3,8176,59446,E,NA,28578,27379,0.958044649730562,(BIKE PATH) SOUTH BANK E BD UNDER PUNT RD BRIDGE
3,8176,59447,W,NA,27002,23833,0.8826383230871787,(BIKE PATH) SOUTH BANK W BD UNDER PUNT RD BRIDGE
3,8180,59448,N,NA,17960,14546,0.8099109131403118,(BIKE PATH) UPFIELD RAILWAY LIN N BD 10M S OF PARK ST
3,8180,59449,S,NA,21828,16942,0.7761590617555434,(BIKE PATH) UPFIELD RAILWAY LIN S BD 10M S OF PARK ST
3,8184,59469,N,NA,41777,39781,0.9522225147808603,(BIKE PATH) GARDINERS CREEK TRAIL NW BD 66M W OF CITYLINK OVERPASS
3,8184,59470,S,NA,40791,38036,0.9324605917972102,(BIKE PATH) GARDINERS CREEK TRAIL SE BD 66M W OF CITYLINK OVERPASS
3,8188,59462,N,NA,12163,10931,0.8987092000328866,"(BIKE PATH) ST. GEORGES RD NO.2 N BD, N OF BELL ST"
3,8188,59463,S,NA,12160,10823,0.8900493421052632,"(BIKE PATH) ST. GEORGES RD NO.2 S BD, N OF BELL ST"
3,8192,59456,N,NA,18175,22218,1.2224484181568087,(BIKE PATH) GARDINERS CREEK TRAIL NO.2 N BD ADJ ESTELLA ST
3,8192,59457,S,NA,19012,21749,1.143961708394698,(BIKE PATH) GARDINERS CREEK TRAIL NO.2 S BD ADJ ESTELLA ST
3,8196,59473,N,NA,1118,1163,1.0402504472271914,(BIKE PATH) PHILLIP ISLAND RD PATH NW BD BTW BUNVEGAN CR & GLEN ST
3,8196,59474,S,NA,982,1055,1.0743380855397149,(BIKE PATH) PHILLIP ISLAND RD PATH SE BD BTW BUNVEGAN CR & GLEN ST
3,9077,23042,E,NA,18262,12475,0.6831124739897054,(BIKE LANE) ALBERT ST EB 50M E OF MORRISON PL
3,9077,40292,W,NA,16832,13656,0.8113117870722434,(BIKE LANE) ALBERT ST WB 50M W OF LANSDOWN ST
3,9079,59477,E,NA,2934,4334,1.4771642808452625,(BIKE PATH) DAREBIN CREEK PATH E BD NEAR HEIDELBERG ROAD NEAR WILLOW BANK GROVE
3,9079,59478,W,NA,3474,5371,1.5460564191134138,(BIKE PATH) DAREBIN CREEK PATH W BD NEAR HEIDELBERG ROAD NEAR WILLOW BANK GROVE
3,9999,20272,N,NA,21,8,0.38095238095238093,(BIKE LANE) ST. KILDA RD N BD 25M N OF CONVENTRY ST
3,9999,32153,S,NA,44409,35008,0.7883086761692449,(BIKE LANE) ST. KILDA RD S BD 30M S OF ANZAC AVE
3,10223,59443,N,NA,5929,8892,1.4997470062405127,(BIKE PATH) ANN TRAIL NO:1 NW BD 104M SOUTH OF WHITEHORSE RD
3,10223,59444,S,NA,5637,8488,1.5057654780911833,(BIKE PATH) ANN TRAIL NO:1 SE BD 104M SOUTH OF WHITEHORSE RD
3,10225,20082,N,NA,12446,9981,0.8019443998071669,(BIKE LANE) FLEMINGTON RD NW BD 10M SE OF DRYBURGH ST
3,10225,29929,S,NA,14748,11407,0.7734608082451858,(BIKE LANE) FLEMINGTON RD SE BD 25M NW OF ABBOTSFORD ST
3,10484,59481,N,NA,19341,17469,0.903210795718939,(BIKE PATH) TRAM 109 TRAIL NE BD 10M NE OF ACCESS PATH CNR WOODGATE & BOUNDARY STS
3,10484,59482,S,NA,17448,15978,0.9157496561210454,(BIKE PATH) TRAM 109 TRAIL SW BD 10M NE OF ACCESS PATH CNR WOODGATE & BOUNDARY STS
3,10486,31906,N,NA,38682,30155,0.7795615531771883,(BIKE LANE) ROYAL PDE N BD 10M N OF GATEHOUSE ST
3,10486,42173,S,NA,44,28,0.6363636363636364,(BIKE LANE) ROYAL PDE S BD 20M S OF GATEHOUSE ST
3,10488,24027,N,NA,10484,8720,0.8317436093094239,(BIKE LANE) BRIGHTON RD N BD 50M S OF MOZART ST
3,10488,28656,S,NA,10715,8526,0.7957069528698086,(BIKE LANE) BRIGHTON RD S BD 50M N OF DICKENS ST
3,31602,59475,N,NA,2739,5051,1.8441036874771815,(BIKE PATH) ANN TRAIL NO:3 N BD N OF SUTHERLAND AVE
3,31602,59476,S,NA,2556,4545,1.778169014084507,(BIKE PATH) ANN TRAIL NO:3 S BD N OF SUTHERLAND AVE
3,31747,59708,E,NA,674,855,1.268545994065282,(BIKE PATH) BOX HILL\RINGWOOD TRAIL NE BD 20M NORTH OF ALBERT ST
3,31747,59709,W,NA,603,686,1.1376451077943615,(BIKE PATH) BOX HILL\RINGWOOD TRAIL SW BD 20M NORTH OF ALBERT ST
3,32021,60182,S,NA,65890,64276,0.9755046289269995,(BIKE LANE) BLACK ROCK BEACH ROAD S BD NEAR BLUFF ROAD
3,32493,60963,N,NA,14355,11917,0.8301637060257749,(BIKE LANE) WELLINGTON ST (NORTH BOUND) BTW DERBY ST AND GLASGOW ST
3,32493,61168,S,NA,18149,73,0.0040222601796242215,(BIKE LANE) WELLINGTON ST (SOUTH BOUND) BTW GLASGOW ST AND NORTHUMBERLAND ST
3,32612,61171,N,NA,7389,10601,1.4347002300717282,(BIKE PATH) BAY TRAIL NO:3 SANDRINGHAM N BD BEACH RD & MILDURA AVE
3,32612,61172,S,NA,7820,11334,1.4493606138107418,(BIKE PATH) BAY TRAIL NO:3 SANDRINGHAM S BD BEACH RD & MILDURA AVE
3,32614,61173,N,NA,12640,16558,1.3099683544303797,(BIKE PATH) BAY TRAIL NO:2 MIDDLE BRIGHTON N BD 36M NORTH OF KEITH CRT & ESPLANADE
3,32614,61174,S,NA,13523,17409,1.2873622716852768,(BIKE PATH) BAY TRAIL NO:2 MIDDLE BRIGHTON S BD 36M NORTH OF KEITH CRT & ESPLANADE
3,32615,61177,N,NA,17230,22564,1.3095763203714452,(BIKE PATH) BAY TRAIL NO:1 BRIGHTON N BD OPP PATH TO SEACOMBE GROVE
3,32615,61178,S,NA,17241,23042,1.3364654022388494,(BIKE PATH) BAY TRAIL NO:1 BRIGHTON S BD OPP PATH TO SEACOMBE GROVE
3,32616,61175,N,NA,3032,4587,1.5128627968337731,(BIKE PATH) BAY TRAIL NO:4 NE BD BEAUMARIS OPPOSITE 466 BEACH ROAD
3,32616,61176,S,NA,3195,4964,1.553677621283255,(BIKE PATH) BAY TRAIL NO:4 SW BD BEAUMARIS OPPOSITE 466 BEACH ROAD
3,33179,62154,S,NA,30113,25725,0.8542822036993989,NA
3,33179,62155,N,NA,32651,27331,0.8370647147101161,NA
3,34215,63748,N,NA,12078,10182,0.8430203676105316,NA
3,34215,63749,S,NA,12793,10661,0.8333463612913312,NA
3,34216,63750,N,NA,4492,4099,0.9125111308993766,NA
3,34216,63751,S,NA,4273,4043,0.9461736484905219,NA
3,34217,63752,E,NA,1773,1817,1.0248166948674562,NA
3,34217,63753,W,NA,1892,2078,1.0983086680761098,NA
3,34271,63846,N,NA,46,43,0.9347826086956522,NA
3,34271,63846,S,NA,7296,6282,0.8610197368421053,NA
3,34314,63932,N,NA,34544,22371,0.6476088466882816,NA
3,34314,63933,S,NA,41374,3210,0.07758495673611447,NA
3,34315,63934,E,NA,7712,12099,1.5688537344398341,NA
3,34315,63935,W,NA,6772,10512,1.5522740696987596,NA
3,34556,64397,E,NA,1750,1831,1.0462857142857143,NA
3,34556,64398,W,NA,1969,2155,1.0944641950228542,NA
4,6411,59437,N,NA,30050,18839,0.6269217970049917,(BIKE PATH) ST. GEORGES RD N BD 28M S OF SUMNER AV
4,6411,59438,S,NA,30279,19389,0.640344793421183,(BIKE PATH) ST. GEORGES RD S BD 28M S OF SUMNER AV
4,6415,59485,E,NA,26572,15372,0.5785036880927292,(BIKE PATH) NORTH BANK E BD 75M W OF MORELL BRIDGE ADJACENT TO PUNT RD OVERPASS
4,6415,59486,W,NA,29693,19530,0.6577307782979154,(BIKE PATH) NORTH BANK W BD 75M W OF MORELL BRIDGE ADJACENT TO PUNT RD OVERPASS
4,6419,59458,N,NA,12189,22947,1.8825990647304947,(BIKEPATH) MERRI CREEK TRAIL N BD S OF MORELAND RD
4,6419,59459,S,NA,9892,14540,1.4698746461787302,"(BIKEPATH) MERRI CREEK TRAIL, S BD S OF MORELAND RD"
4,6423,59460,N,NA,1074,1980,1.8435754189944134,(BIKEPATH) FEDERATION TRAIL NW BD 170M SE OF PRINCESS HWY BTW CYPRESS AV & CONIFER AV
4,6423,59461,S,NA,1369,2893,2.1132213294375455,(BIKEPATH) FEDERATION TRAIL SE BD 170M SE OF PRINCESS HWY BTW CYPRESS AV & CONIFER AV
4,6592,59452,N,NA,39536,22674,0.573502630513962,(BIKE PATH) CAPITAL CITY TRAIL NW BD FOOTSCRAY RD SE OF EXIT RAMP FROM CITY LINK
4,6592,59453,S,NA,40289,23508,0.5834843257464817,(BIKE PATH) CAPITAL CITY TRAIL SE BD FOOTSCRAY RD SE OF EXIT RAMP FROM CITY LINK
4,6596,59454,N,NA,26203,34508,1.316948441018204,(BIKE PATH) BAY TRAIL N BD 100M N BLESSINGTON ST OPP NO 20 MARINE PDE
4,6596,59455,S,NA,25402,34690,1.3656405007479726,(BIKE PATH) BAY TRAIL S BD 100M N BLESSINGTON ST OPP NO 20 MARINE PDE
4,6600,59464,E,NA,3801,7746,2.037884767166535,"(BIKE PATH) SCOTCHMANS CREEK TRAIL E BD, 52M E OF 61 SMYTH ST"
4,6600,59465,W,NA,3717,7814,2.102232983588916,"(BIKE PATH) SCOTCHMANS CREEK TRAIL W BD, 52M E OF 61 SMYTH ST"
4,7584,59445,N,NA,10088,19644,1.9472640761300555,(BIKE PATH) KOONUNG TRAIL NW BD 44M NE OF CLIFTON ST
4,7584,59468,S,NA,9279,18249,1.966698997736825,(BIKE PATH) KOONUNG TRAIL SE BD 44M NE OF CLIFTON ST
4,7588,59450,E,NA,24056,19730,0.8201696042567342,(BIKE PATH) CAPITAL CITY TRAIL E BD 25M W OF BOWEN CRES
4,7588,59451,W,NA,28500,24828,0.8711578947368421,(BIKE PATH) CAPITAL CITY TRAIL W BD 25M W OF BOWEN CRES
4,7592,59483,N,NA,1762,3678,2.087400681044268,(BIKE PATH) ANN TRAIL NO:2 NW BD 300M EAST OF PRINCESS ST
4,7592,59484,S,NA,1986,3679,1.852467270896274,(BIKE PATH) ANN TRAIL NO:2 SE BD 300M EAST OF PRINCESS ST
4,7596,59489,E,NA,16597,9261,0.5579924082665542,(BIKEPATH) MORELAND ST PATH NE BD 50 M N OF PARKER ST
4,7596,59490,W,NA,10282,6613,0.6431628087920638,(BIKEPATH) MORELAND ST PATH SW BD 50 M N OF PARKER ST
4,7600,59471,N,NA,12942,4745,0.36663575954257455,(BIKEPATH) NAPIER ST PATH N BD 50M N OF GREEVES ST
4,7600,59472,S,NA,14493,6562,0.4527703029048506,(BIKEPATH) NAPIER ST PATH S BD 50M N OF GREEVES ST
4,7604,59466,N,NA,7309,17782,2.4328909563551786,(BIKEPATH) MAIN YARRA TRAIL NW BD NEAR THE CHANDLER HWY BRIDGE
4,7604,59467,S,NA,10905,19826,1.818065107748739,(BIKEPATH) MAIN YARRA TRAIL SE BD NEAR THE CHANDLER HWY BRIDGE
4,8172,59487,N,NA,13441,18205,1.354437913845696,(BIKE PATH) MAIN YARRA TRAIL NO:1 NW BD ALONG YARRA BVD 66M W OF OF C'LINK OPASS
4,8172,59488,S,NA,12652,16364,1.2933923490357255,(BIKE PATH) MAIN YARRA TRAIL NO:1 SE BD ALONG YARRA BVD 66M W OF OF C'LINK OPASS
4,8176,59446,E,NA,27080,20970,0.7743722304283605,(BIKE PATH) SOUTH BANK E BD UNDER PUNT RD BRIDGE
4,8176,59447,W,NA,24643,15553,0.6311325731445036,(BIKE PATH) SOUTH BANK W BD UNDER PUNT RD BRIDGE
4,8180,59448,N,NA,15026,9689,0.6448156528683615,(BIKE PATH) UPFIELD RAILWAY LIN N BD 10M S OF PARK ST
4,8180,59449,S,NA,18173,11302,0.6219116271391625,(BIKE PATH) UPFIELD RAILWAY LIN S BD 10M S OF PARK ST
4,8184,59469,N,NA,39487,32086,0.812571225973105,(BIKE PATH) GARDINERS CREEK TRAIL NW BD 66M W OF CITYLINK OVERPASS
4,8184,59470,S,NA,38156,31685,0.8304067512317853,(BIKE PATH) GARDINERS CREEK TRAIL SE BD 66M W OF CITYLINK OVERPASS
4,8188,59462,N,NA,11128,8576,0.7706685837526959,"(BIKE PATH) ST. GEORGES RD NO.2 N BD, N OF BELL ST"
4,8188,59463,S,NA,11151,8041,0.7211012465249753,"(BIKE PATH) ST. GEORGES RD NO.2 S BD, N OF BELL ST"
4,8192,59456,N,NA,18197,26044,1.4312249271858,(BIKE PATH) GARDINERS CREEK TRAIL NO.2 N BD ADJ ESTELLA ST
4,8192,59457,S,NA,18737,25079,1.3384746757752042,(BIKE PATH) GARDINERS CREEK TRAIL NO.2 S BD ADJ ESTELLA ST
4,8196,59473,N,NA,1167,1522,1.3041988003427591,(BIKE PATH) PHILLIP ISLAND RD PATH NW BD BTW BUNVEGAN CR & GLEN ST
4,8196,59474,S,NA,1002,1356,1.3532934131736527,(BIKE PATH) PHILLIP ISLAND RD PATH SE BD BTW BUNVEGAN CR & GLEN ST
4,9077,23042,E,NA,16199,4621,0.28526452250138895,(BIKE LANE) ALBERT ST EB 50M E OF MORRISON PL
4,9077,40292,W,NA,16544,4999,0.3021639264990329,(BIKE LANE) ALBERT ST WB 50M W OF LANSDOWN ST
4,9079,59477,E,NA,2747,5882,2.141244994539498,(BIKE PATH) DAREBIN CREEK PATH E BD NEAR HEIDELBERG ROAD NEAR WILLOW BANK GROVE
4,9079,59478,W,NA,3429,7333,2.1385243511227765,(BIKE PATH) DAREBIN CREEK PATH W BD NEAR HEIDELBERG ROAD NEAR WILLOW BANK GROVE
4,9999,20272,N,NA,24,19,0.7916666666666666,(BIKE LANE) ST. KILDA RD N BD 25M N OF CONVENTRY ST
4,9999,32153,S,NA,40125,19079,0.4754890965732087,(BIKE LANE) ST. KILDA RD S BD 30M S OF ANZAC AVE
4,10223,59443,N,NA,6064,13519,2.22938654353562,(BIKE PATH) ANN TRAIL NO:1 NW BD 104M SOUTH OF WHITEHORSE RD
4,10223,59444,S,NA,5618,12669,2.255072979708081,(BIKE PATH) ANN TRAIL NO:1 SE BD 104M SOUTH OF WHITEHORSE RD
4,10225,20082,N,NA,11101,4694,0.4228447887577696,(BIKE LANE) FLEMINGTON RD NW BD 10M SE OF DRYBURGH ST
4,10225,29929,S,NA,12842,5575,0.4341224108394331,(BIKE LANE) FLEMINGTON RD SE BD 25M NW OF ABBOTSFORD ST
4,10484,59481,N,NA,17839,12107,0.6786815404450922,(BIKE PATH) TRAM 109 TRAIL NE BD 10M NE OF ACCESS PATH CNR WOODGATE & BOUNDARY STS
4,10484,59482,S,NA,16196,10996,0.678933069893801,(BIKE PATH) TRAM 109 TRAIL SW BD 10M NE OF ACCESS PATH CNR WOODGATE & BOUNDARY STS
4,10486,31906,N,NA,33671,12753,0.37875322978230525,(BIKE LANE) ROYAL PDE N BD 10M N OF GATEHOUSE ST
4,10486,42173,S,NA,41,13,0.3170731707317073,(BIKE LANE) ROYAL PDE S BD 20M S OF GATEHOUSE ST
4,10488,24027,N,NA,9947,5305,0.5333266311450688,(BIKE LANE) BRIGHTON RD N BD 50M S OF MOZART ST
4,10488,28656,S,NA,10027,4974,0.4960606362820385,(BIKE LANE) BRIGHTON RD S BD 50M N OF DICKENS ST
4,31602,59475,N,NA,2800,8202,2.9292857142857143,(BIKE PATH) ANN TRAIL NO:3 N BD N OF SUTHERLAND AVE
4,31602,59476,S,NA,2596,7403,2.8516949152542375,(BIKE PATH) ANN TRAIL NO:3 S BD N OF SUTHERLAND AVE
4,31747,59708,E,NA,658,1253,1.9042553191489362,(BIKE PATH) BOX HILL\RINGWOOD TRAIL NE BD 20M NORTH OF ALBERT ST
4,31747,59709,W,NA,583,1053,1.8061749571183534,(BIKE PATH) BOX HILL\RINGWOOD TRAIL SW BD 20M NORTH OF ALBERT ST
4,32021,60182,S,NA,66633,44267,0.6643404919484339,(BIKE LANE) BLACK ROCK BEACH ROAD S BD NEAR BLUFF ROAD
4,32493,60963,N,NA,13107,5436,0.41474021515220877,(BIKE LANE) WELLINGTON ST (NORTH BOUND) BTW DERBY ST AND GLASGOW ST
4,32493,61168,S,NA,16298,50,0.0030678610872499693,(BIKE LANE) WELLINGTON ST (SOUTH BOUND) BTW GLASGOW ST AND NORTHUMBERLAND ST
4,32612,61171,N,NA,7592,238,0.031348788198103265,(BIKE PATH) BAY TRAIL NO:3 SANDRINGHAM N BD BEACH RD & MILDURA AVE
4,32612,61172,S,NA,7712,242,0.03137966804979253,(BIKE PATH) BAY TRAIL NO:3 SANDRINGHAM S BD BEACH RD & MILDURA AVE
4,32614,61173,N,NA,12854,398,0.030963124319278047,(BIKE PATH) BAY TRAIL NO:2 MIDDLE BRIGHTON N BD 36M NORTH OF KEITH CRT & ESPLANADE
4,32614,61174,S,NA,13493,368,0.02727340102275254,(BIKE PATH) BAY TRAIL NO:2 MIDDLE BRIGHTON S BD 36M NORTH OF KEITH CRT & ESPLANADE
4,32615,61177,N,NA,16971,554,0.0326439219845619,(BIKE PATH) BAY TRAIL NO:1 BRIGHTON N BD OPP PATH TO SEACOMBE GROVE
4,32615,61178,S,NA,17217,525,0.030493117267816693,(BIKE PATH) BAY TRAIL NO:1 BRIGHTON S BD OPP PATH TO SEACOMBE GROVE
4,32616,61175,N,NA,3154,84,0.02663284717818643,(BIKE PATH) BAY TRAIL NO:4 NE BD BEAUMARIS OPPOSITE 466 BEACH ROAD
4,32616,61176,S,NA,3087,108,0.03498542274052478,(BIKE PATH) BAY TRAIL NO:4 SW BD BEAUMARIS OPPOSITE 466 BEACH ROAD
4,33179,62154,S,NA,26933,19166,0.7116177180410649,NA
4,33179,62155,N,NA,29513,21614,0.732355233287026,NA
4,34215,63748,N,NA,8456,3728,0.44087038789025546,NA
4,34215,63749,S,NA,9488,4062,0.4281197301854975,NA
4,34216,63750,N,NA,3704,1886,0.5091792656587473,NA
4,34216,63751,S,NA,3652,1968,0.5388828039430449,NA
4,34217,63752,E,NA,1584,1018,0.6426767676767676,NA
4,34217,63753,W,NA,1675,1181,0.7050746268656717,NA
4,34271,63846,N,NA,71,112,1.5774647887323943,NA
4,34271,63846,S,NA,6440,5353,0.8312111801242236,NA
4,34314,63932,N,NA,30403,18786,0.6178995493865737,NA
4,34314,63933,S,NA,36047,137,0.0038005936693760924,NA
4,34315,63934,E,NA,7235,30652,4.2366275051831375,NA
4,34315,63935,W,NA,6250,25368,4.05888,NA
4,34556,64397,E,NA,1473,5365,3.6422267481330617,NA
4,34556,64398,W,NA,1660,7042,4.242168674698795,NA
